username;firstname;lastname;email;password;city
alpha;Alpha;Diallo;alpha@rtn.sn;Passer123/;Dakar
berenger;Berenger;Benam;berenger@rtn.sn;ping236;Bangui
mouhamed;Mouhamed;Mbengue;mouhamed@rtn.sn;Passer123/;Dakar
samuel;Samuel;Ouya;samuel.ouya@rtn.sn;Passer123/;Dakar
fara;Mame Fara;Diop;mamefara@rtn.sn;Passer123/;Dakar
maty;Maty;Sarr;maty@rtn.sn;Passer123/;Dakar
kine;Fatou Kine;Diouf;kine@rtn.sn;Passer123/;Dakar
